{
	"credit": "Made by TheWaschtlPlays using Blockbench",
	"parent": "block/block",
	"textures": {
		"2": "block/chiseled_bookshelf_empty",
		"particle": "block/chiseled_bookshelf_top",
		"top": "block/chiseled_bookshelf_top",
		"side": "block/chiseled_bookshelf_side"
	},
	"elements": [
		{
			"name": "chiseled_bookshelf_body",
			"from": [0, 0, 1],
			"to": [16, 16, 16],
			"faces": {
				"north": {"uv": [0, 0, 16, 16], "texture": "#2", "cullface": "north"},
				"east": {"uv": [0, 0, 15, 16], "texture": "#side", "cullface": "east"},
				"south": {"uv": [0, 0, 16, 16], "texture": "#side", "cullface": "south"},
				"west": {"uv": [1, 0, 16, 16], "texture": "#side", "cullface": "west"},
				"up": {"uv": [0, 1, 16, 16], "texture": "#top", "cullface": "up"},
				"down": {"uv": [0, 0, 16, 15], "texture": "#top", "cullface": "down"}
			}
		},
		{
			"from": [1, 0, 0],
			"to": [15, 1, 1],
			"faces": {
				"north": {"uv": [1, 15, 15, 16], "texture": "#2", "cullface": "north"},
				"up": {"uv": [15, 15, 1, 16], "texture": "#2", "cullface": "north"},
				"down": {"uv": [1, 15, 15, 16], "texture": "#top", "cullface": "down"}
			}
		},
		{
			"from": [1, 15, 0],
			"to": [15, 16, 1],
			"faces": {
				"north": {"uv": [1, 0, 15, 1], "texture": "#2", "cullface": "north"},
				"up": {"uv": [1, 15, 15, 16], "texture": "#top", "cullface": "up"},
				"down": {"uv": [15, 0, 1, 1], "texture": "#2", "cullface": "north"}
			}
		},
		{
			"from": [1, 7, 0],
			"to": [15, 9, 1],
			"faces": {
				"north": {"uv": [1, 7, 15, 9], "texture": "#2", "cullface": "north"},
				"up": {"uv": [1, 7, 15, 8], "texture": "#2", "cullface": "north"},
				"down": {"uv": [1, 8, 15, 9], "rotation": 180, "texture": "#2", "cullface": "north"}
			}
		},
		{
			"from": [0, 0, 0],
			"to": [1, 16, 1],
			"faces": {
				"north": {"uv": [15, 0, 16, 16], "texture": "#2", "cullface": "north"},
				"east": {"uv": [15, 0, 16, 16], "texture": "#2", "cullface": "north"},
				"west": {"uv": [0, 0, 1, 16], "texture": "#side", "cullface": "west"},
				"up": {"uv": [0, 0, 1, 1], "texture": "#top", "cullface": "up"},
				"down": {"uv": [0, 0, 1, 1], "texture": "#top", "cullface": "down"}
			}
		},
		{
			"from": [15, 0, 0],
			"to": [16, 16, 1],
			"faces": {
				"north": {"uv": [0, 0, 1, 16], "texture": "#2", "cullface": "north"},
				"east": {"uv": [15, 0, 16, 16], "texture": "#side", "cullface": "east"},
				"west": {"uv": [0, 0, 1, 16], "texture": "#2", "cullface": "north"},
				"up": {"uv": [15, 0, 16, 1], "texture": "#top", "cullface": "up"},
				"down": {"uv": [15, 0, 16, 1], "texture": "#top", "cullface": "down"}
			}
		}
	]
}