{
	"credit": "Made by TheWaschtlPlays using Blockbench",
	"textures": {
		"particle": "block/barrel_side",
		"barrel_side": "block/barrel_side",
		"barrel_bottom": "block/barrel_bottom",
		"dark_oak_planks": "block/dark_oak_planks",
		"barrel_top": "block/barrel_top"
	},
	"elements": [
		{
			"name": "Top",
			"from": [13, 14, 11],
			"to": [14, 15, 12],
			"faces": {
				"north": {"uv": [13, 4, 14, 5], "texture": "#barrel_top", "cullface": "up"},
				"west": {"uv": [13, 4, 14, 5], "texture": "#barrel_top", "cullface": "up"},
				"up": {"uv": [13, 4, 14, 5], "rotation": 90, "texture": "#barrel_top", "cullface": "up"},
				"down": {"uv": [1, 12, 2, 13], "texture": "#barrel_bottom", "cullface": "up"}
			}
		},
		{
			"name": "Side",
			"from": [15, 0, 0],
			"to": [16, 16, 16],
			"faces": {
				"north": {"uv": [15, 0, 16, 16], "texture": "#barrel_side", "cullface": "north"},
				"east": {"uv": [0, 0, 16, 16], "texture": "#barrel_side", "cullface": "east"},
				"south": {"uv": [0, 0, 1, 16], "texture": "#barrel_side", "cullface": "south"},
				"west": {"uv": [0, 0, 16, 16], "texture": "#dark_oak_planks"},
				"up": {"uv": [0, 0, 16, 1], "rotation": 90, "texture": "#barrel_top", "cullface": "up"},
				"down": {"uv": [0, 0, 16, 1], "rotation": 90, "texture": "#barrel_top", "cullface": "down"}
			}
		},
		{
			"name": "Side",
			"from": [0, 0, 0],
			"to": [1, 16, 16],
			"faces": {
				"north": {"uv": [15, 0, 16, 16], "texture": "#barrel_side", "cullface": "north"},
				"east": {"uv": [0, 0, 16, 16], "texture": "#dark_oak_planks"},
				"south": {"uv": [0, 0, 1, 16], "texture": "#barrel_side", "cullface": "south"},
				"west": {"uv": [0, 0, 16, 16], "texture": "#barrel_side", "cullface": "west"},
				"up": {"uv": [0, 0, 16, 1], "rotation": 90, "texture": "#barrel_top", "cullface": "up"},
				"down": {"uv": [0, 0, 16, 1], "rotation": 90, "texture": "#barrel_top", "cullface": "down"}
			}
		},
		{
			"name": "Side",
			"from": [1, 0, 0],
			"to": [15, 16, 1],
			"faces": {
				"north": {"uv": [1, 0, 15, 16], "texture": "#barrel_side", "cullface": "north"},
				"south": {"uv": [1, 0, 15, 16], "texture": "#dark_oak_planks"},
				"up": {"uv": [0, 1, 1, 15], "rotation": 90, "texture": "#barrel_top", "cullface": "up"},
				"down": {"uv": [0, 1, 1, 15], "rotation": 90, "texture": "#barrel_top", "cullface": "down"}
			}
		},
		{
			"name": "Side",
			"from": [1, 0, 15],
			"to": [15, 16, 16],
			"faces": {
				"north": {"uv": [1, 0, 15, 16], "texture": "#dark_oak_planks"},
				"south": {"uv": [1, 0, 15, 16], "texture": "#barrel_side", "cullface": "south"},
				"up": {"uv": [0, 1, 1, 15], "rotation": 90, "texture": "#barrel_top", "cullface": "up"},
				"down": {"uv": [0, 1, 1, 15], "rotation": 90, "texture": "#barrel_top", "cullface": "down"}
			}
		},
		{
			"name": "Bottom",
			"from": [1, 1, 1],
			"to": [15, 2, 15],
			"faces": {
				"north": {"uv": [1, 0, 15, 1], "texture": "#barrel_bottom"},
				"east": {"uv": [1, 0, 15, 1], "texture": "#barrel_bottom"},
				"south": {"uv": [1, 0, 15, 1], "texture": "#barrel_bottom"},
				"west": {"uv": [1, 0, 15, 1], "texture": "#barrel_bottom"},
				"up": {"uv": [1, 1, 15, 15], "rotation": 90, "texture": "#dark_oak_planks", "cullface": "up"},
				"down": {"uv": [1, 1, 15, 15], "rotation": 90, "texture": "#barrel_bottom", "cullface": "down"}
			}
		},
		{
			"name": "Top",
			"from": [14, 14, 1],
			"to": [15, 15, 15],
			"faces": {
				"west": {"uv": [1, 1, 15, 2], "texture": "#barrel_top", "cullface": "up"},
				"up": {"uv": [1, 1, 15, 2], "rotation": 90, "texture": "#barrel_top", "cullface": "up"},
				"down": {"uv": [0, 1, 1, 15], "texture": "#barrel_bottom", "cullface": "up"}
			}
		},
		{
			"name": "Top",
			"from": [1, 14, 1],
			"to": [2, 15, 15],
			"faces": {
				"east": {"uv": [1, 1, 15, 2], "texture": "#barrel_top", "cullface": "up"},
				"up": {"uv": [1, 14, 15, 15], "rotation": 90, "texture": "#barrel_top", "cullface": "up"},
				"down": {"uv": [15, 1, 16, 15], "texture": "#barrel_bottom", "cullface": "up"}
			}
		},
		{
			"name": "Top",
			"from": [2, 14, 1],
			"to": [14, 15, 2],
			"faces": {
				"south": {"uv": [2, 1, 14, 2], "texture": "#barrel_top", "cullface": "up"},
				"up": {"uv": [1, 2, 2, 14], "rotation": 90, "texture": "#barrel_top", "cullface": "up"},
				"down": {"uv": [2, 0, 14, 1], "texture": "#barrel_bottom", "cullface": "up"}
			}
		},
		{
			"name": "Top",
			"from": [2, 14, 14],
			"to": [14, 15, 15],
			"faces": {
				"north": {"uv": [2, 1, 14, 2], "texture": "#barrel_top", "cullface": "up"},
				"up": {"uv": [14, 2, 15, 14], "rotation": 90, "texture": "#barrel_top", "cullface": "up"},
				"down": {"uv": [2, 15, 14, 16], "texture": "#barrel_bottom", "cullface": "up"}
			}
		},
		{
			"name": "Top",
			"from": [12, 14, 2],
			"to": [14, 15, 4],
			"faces": {
				"south": {"uv": [2, 2, 4, 3], "texture": "#barrel_top", "cullface": "up"},
				"west": {"uv": [2, 2, 4, 3], "texture": "#barrel_top", "cullface": "up"},
				"up": {"uv": [2, 2, 4, 4], "rotation": 90, "texture": "#barrel_top", "cullface": "up"},
				"down": {"uv": [3, 3, 1, 1], "texture": "#barrel_bottom", "cullface": "up"}
			}
		},
		{
			"name": "Top",
			"from": [2, 14, 2],
			"to": [4, 15, 4],
			"faces": {
				"east": {"uv": [2, 2, 4, 3], "texture": "#barrel_top", "cullface": "up"},
				"south": {"uv": [2, 2, 4, 3], "texture": "#barrel_top", "cullface": "up"},
				"up": {"uv": [2, 12, 4, 14], "rotation": 90, "texture": "#barrel_top", "cullface": "up"},
				"down": {"uv": [15, 3, 13, 1], "texture": "#barrel_bottom", "cullface": "up"}
			}
		},
		{
			"name": "Top",
			"from": [2, 14, 12],
			"to": [4, 15, 14],
			"faces": {
				"north": {"uv": [2, 2, 4, 3], "texture": "#barrel_top", "cullface": "up"},
				"east": {"uv": [2, 2, 4, 3], "texture": "#barrel_top", "cullface": "up"},
				"up": {"uv": [12, 12, 14, 14], "rotation": 90, "texture": "#barrel_top", "cullface": "up"},
				"down": {"uv": [15, 15, 13, 13], "texture": "#barrel_bottom", "cullface": "up"}
			}
		},
		{
			"name": "Top",
			"from": [12, 14, 12],
			"to": [14, 15, 14],
			"faces": {
				"north": {"uv": [2, 2, 4, 3], "texture": "#barrel_top", "cullface": "up"},
				"west": {"uv": [2, 2, 4, 3], "texture": "#barrel_top", "cullface": "up"},
				"up": {"uv": [12, 2, 14, 4], "rotation": 90, "texture": "#barrel_top", "cullface": "up"},
				"down": {"uv": [3, 15, 1, 13], "texture": "#barrel_bottom", "cullface": "up"}
			}
		},
		{
			"name": "Top",
			"from": [13, 14, 4],
			"to": [14, 15, 5],
			"faces": {
				"south": {"uv": [13, 4, 14, 5], "texture": "#barrel_top", "cullface": "up"},
				"west": {"uv": [13, 4, 14, 5], "texture": "#barrel_top", "cullface": "up"},
				"up": {"uv": [13, 4, 14, 5], "rotation": 90, "texture": "#barrel_top", "cullface": "up"},
				"down": {"uv": [1, 3, 2, 4], "texture": "#barrel_bottom", "cullface": "up"}
			}
		},
		{
			"name": "Top",
			"from": [11, 14, 2],
			"to": [12, 15, 3],
			"faces": {
				"south": {"uv": [13, 4, 14, 5], "texture": "#barrel_top", "cullface": "up"},
				"west": {"uv": [13, 4, 14, 5], "texture": "#barrel_top", "cullface": "up"},
				"up": {"uv": [13, 4, 14, 5], "rotation": 90, "texture": "#barrel_top", "cullface": "up"},
				"down": {"uv": [3, 1, 4, 2], "texture": "#barrel_bottom", "cullface": "up"}
			}
		},
		{
			"name": "Top",
			"from": [4, 14, 2],
			"to": [5, 15, 3],
			"faces": {
				"east": {"uv": [13, 4, 14, 5], "texture": "#barrel_top", "cullface": "up"},
				"south": {"uv": [13, 4, 14, 5], "texture": "#barrel_top", "cullface": "up"},
				"up": {"uv": [13, 4, 14, 5], "rotation": 90, "texture": "#barrel_top", "cullface": "up"},
				"down": {"uv": [11, 1, 12, 2], "texture": "#barrel_bottom", "cullface": "up"}
			}
		},
		{
			"name": "Top",
			"from": [2, 14, 4],
			"to": [3, 15, 5],
			"faces": {
				"east": {"uv": [13, 4, 14, 5], "texture": "#barrel_top", "cullface": "up"},
				"south": {"uv": [13, 4, 14, 5], "texture": "#barrel_top", "cullface": "up"},
				"up": {"uv": [13, 4, 14, 5], "rotation": 90, "texture": "#barrel_top", "cullface": "up"},
				"down": {"uv": [14, 3, 15, 4], "texture": "#barrel_bottom", "cullface": "up"}
			}
		},
		{
			"name": "Top",
			"from": [2, 14, 11],
			"to": [3, 15, 12],
			"faces": {
				"north": {"uv": [13, 4, 14, 5], "texture": "#barrel_top", "cullface": "up"},
				"east": {"uv": [13, 4, 14, 5], "texture": "#barrel_top", "cullface": "up"},
				"up": {"uv": [13, 4, 14, 5], "rotation": 90, "texture": "#barrel_top", "cullface": "up"},
				"down": {"uv": [14, 12, 15, 13], "texture": "#barrel_bottom", "cullface": "up"}
			}
		},
		{
			"name": "Top",
			"from": [4, 14, 13],
			"to": [5, 15, 14],
			"faces": {
				"north": {"uv": [13, 4, 14, 5], "texture": "#barrel_top", "cullface": "up"},
				"east": {"uv": [13, 4, 14, 5], "texture": "#barrel_top", "cullface": "up"},
				"up": {"uv": [13, 4, 14, 5], "rotation": 90, "texture": "#barrel_top", "cullface": "up"},
				"down": {"uv": [12, 14, 13, 15], "texture": "#barrel_bottom", "cullface": "up"}
			}
		},
		{
			"name": "Top",
			"from": [11, 14, 13],
			"to": [12, 15, 14],
			"faces": {
				"north": {"uv": [13, 4, 14, 5], "texture": "#barrel_top", "cullface": "up"},
				"west": {"uv": [13, 4, 14, 5], "texture": "#barrel_top", "cullface": "up"},
				"up": {"uv": [13, 4, 14, 5], "rotation": 90, "texture": "#barrel_top", "cullface": "up"},
				"down": {"uv": [3, 14, 4, 15], "texture": "#barrel_bottom", "cullface": "up"}
			}
		},
		{
			"name": "Handle",
			"from": [2, 17, 6],
			"to": [4, 18, 8],
			"rotation": {"angle": -22.5, "axis": "y", "origin": [8, 8, 8]},
			"faces": {
				"north": {"uv": [3, 9, 5, 10], "texture": "#barrel_top", "cullface": "up"},
				"east": {"uv": [3, 8, 5, 9], "rotation": 180, "texture": "#barrel_top", "cullface": "up"},
				"south": {"uv": [3, 8, 5, 9], "texture": "#barrel_top", "cullface": "up"},
				"west": {"uv": [3, 9, 5, 10], "texture": "#barrel_top", "cullface": "up"},
				"up": {"uv": [3, 8, 5, 10], "rotation": 90, "texture": "#barrel_top", "cullface": "up"}
			}
		},
		{
			"name": "Lid",
			"from": [-1, 16, 7],
			"to": [9, 17, 15],
			"rotation": {"angle": -22.5, "axis": "y", "origin": [8, 8, 8]},
			"faces": {
				"north": {"uv": [3, 0, 13, 1], "texture": "#barrel_top", "cullface": "up"},
				"east": {"uv": [4, 0, 12, 1], "texture": "#barrel_top", "cullface": "up"},
				"south": {"uv": [4, 0, 14, 1], "texture": "#barrel_top", "cullface": "up"},
				"west": {"uv": [4, 0, 12, 0], "texture": "#barrel_top", "cullface": "up"},
				"up": {"uv": [4, 3, 12, 13], "rotation": 90, "texture": "#barrel_top", "cullface": "up"},
				"down": {"uv": [5, 3, 13, 13], "rotation": 90, "texture": "#barrel_top", "cullface": "up"}
			}
		},
		{
			"name": "Lid",
			"from": [0, 16, 6],
			"to": [8, 17, 7],
			"rotation": {"angle": -22.5, "axis": "y", "origin": [8, 8, 8]},
			"faces": {
				"north": {"uv": [4, 0, 12, 1], "texture": "#barrel_top", "cullface": "up"},
				"east": {"uv": [4, 0, 5, 1], "texture": "#barrel_top", "cullface": "up"},
				"west": {"uv": [6, 0, 7, 1], "texture": "#barrel_top", "cullface": "up"},
				"up": {"uv": [3, 4, 4, 12], "rotation": 90, "texture": "#barrel_top", "cullface": "up"},
				"down": {"uv": [2, 4, 3, 12], "rotation": 90, "texture": "#barrel_top", "cullface": "up"}
			}
		},
		{
			"name": "Lid",
			"from": [0, 16, 15],
			"to": [8, 17, 16],
			"rotation": {"angle": -22.5, "axis": "y", "origin": [8, 8, 8]},
			"faces": {
				"east": {"uv": [4, 0, 5, 1], "texture": "#barrel_top", "cullface": "up"},
				"south": {"uv": [4, 0, 12, 1], "texture": "#barrel_top", "cullface": "up"},
				"west": {"uv": [6, 0, 7, 1], "texture": "#barrel_top", "cullface": "up"},
				"up": {"uv": [12, 4, 13, 12], "rotation": 90, "texture": "#barrel_top", "cullface": "up"},
				"down": {"uv": [12, 4, 13, 12], "rotation": 90, "texture": "#barrel_top", "cullface": "up"}
			}
		},
		{
			"name": "Lid",
			"from": [1, 16, 5],
			"to": [7, 17, 6],
			"rotation": {"angle": -22.5, "axis": "y", "origin": [8, 8, 8]},
			"faces": {
				"north": {"uv": [5, 0, 11, 1], "texture": "#barrel_top", "cullface": "up"},
				"east": {"uv": [3, 0, 4, 1], "texture": "#barrel_top", "cullface": "up"},
				"west": {"uv": [5, 0, 6, 1], "texture": "#barrel_top", "cullface": "up"},
				"up": {"uv": [2, 5, 3, 11], "rotation": 90, "texture": "#barrel_top", "cullface": "up"},
				"down": {"uv": [2, 5, 3, 11], "rotation": 90, "texture": "#barrel_top", "cullface": "up"}
			}
		},
		{
			"name": "Lid",
			"from": [1, 16, 16],
			"to": [7, 17, 17],
			"rotation": {"angle": -22.5, "axis": "y", "origin": [8, 8, 8]},
			"faces": {
				"east": {"uv": [3, 0, 4, 1], "texture": "#barrel_top", "cullface": "up"},
				"south": {"uv": [5, 0, 11, 1], "texture": "#barrel_top", "cullface": "up"},
				"west": {"uv": [5, 0, 6, 1], "texture": "#barrel_top", "cullface": "up"},
				"up": {"uv": [13, 5, 14, 11], "rotation": 90, "texture": "#barrel_top", "cullface": "up"},
				"down": {"uv": [13, 5, 14, 11], "rotation": 90, "texture": "#barrel_top", "cullface": "up"}
			}
		},
		{
			"name": "Lid",
			"from": [9, 16, 8],
			"to": [10, 17, 14],
			"rotation": {"angle": -22.5, "axis": "y", "origin": [8, 8, 8]},
			"faces": {
				"north": {"uv": [8, 0, 9, 1], "texture": "#barrel_top", "cullface": "up"},
				"east": {"uv": [3, 0, 9, 1], "texture": "#barrel_top", "cullface": "up"},
				"south": {"uv": [5, 0, 6, 1], "texture": "#barrel_top", "cullface": "up"},
				"up": {"uv": [5, 2, 11, 3], "rotation": 90, "texture": "#barrel_top", "cullface": "up"},
				"down": {"uv": [5, 2, 11, 3], "rotation": 90, "texture": "#barrel_top", "cullface": "up"}
			}
		},
		{
			"name": "Lid",
			"from": [-2, 16, 8],
			"to": [-1, 17, 14],
			"rotation": {"angle": -22.5, "axis": "y", "origin": [8, 8, 8]},
			"faces": {
				"north": {"uv": [8, 0, 9, 1], "texture": "#barrel_top", "cullface": "up"},
				"south": {"uv": [5, 0, 6, 1], "texture": "#barrel_top", "cullface": "up"},
				"west": {"uv": [4, 0, 10, 1], "texture": "#barrel_top", "cullface": "up"},
				"up": {"uv": [5, 13, 11, 14], "rotation": 90, "texture": "#barrel_top", "cullface": "up"},
				"down": {"uv": [5, 13, 11, 14], "rotation": 90, "texture": "#barrel_top", "cullface": "up"}
			}
		},
		{
			"name": "N",
			"from": [0, 11, -0.5],
			"to": [16, 13, 0],
			"rotation": {"angle": 0, "axis": "y", "origin": [8, 8, 8]},
			"faces": {
				"north": {"uv": [0, 3, 16, 5], "texture": "#barrel_side", "cullface": "north"},
				"east": {"uv": [0, 3, 1, 5], "texture": "#barrel_side", "cullface": "north"},
				"south": {"uv": [0, 0, 0, 0], "texture": "#barrel_side"},
				"west": {"uv": [15, 3, 16, 5], "texture": "#barrel_side", "cullface": "north"},
				"up": {"uv": [0, 3, 16, 4], "rotation": 180, "texture": "#barrel_side", "cullface": "north"},
				"down": {"uv": [0, 4, 16, 5], "rotation": 180, "texture": "#barrel_side", "cullface": "north"}
			}
		},
		{
			"name": "W",
			"from": [-0.5, 11, 0],
			"to": [0, 13, 16],
			"rotation": {"angle": 0, "axis": "y", "origin": [8, 8, 8]},
			"faces": {
				"north": {"uv": [0, 3, 1, 5], "texture": "#barrel_side", "cullface": "west"},
				"east": {"uv": [0, 0, 0, 0], "texture": "#barrel_side"},
				"south": {"uv": [15, 3, 16, 5], "texture": "#barrel_side", "cullface": "west"},
				"west": {"uv": [0, 3, 16, 5], "texture": "#barrel_side", "cullface": "west"},
				"up": {"uv": [0, 3, 16, 4], "rotation": 90, "texture": "#barrel_side", "cullface": "west"},
				"down": {"uv": [0, 4, 16, 5], "rotation": 270, "texture": "#barrel_side", "cullface": "west"}
			}
		},
		{
			"name": "S",
			"from": [0, 11, 16],
			"to": [16, 13, 16.5],
			"rotation": {"angle": 0, "axis": "y", "origin": [8, 8, 8]},
			"faces": {
				"north": {"uv": [0, 0, 0, 0], "texture": "#barrel_side"},
				"east": {"uv": [15, 3, 16, 5], "texture": "#barrel_side", "cullface": "south"},
				"south": {"uv": [0, 3, 16, 5], "texture": "#barrel_side", "cullface": "south"},
				"west": {"uv": [0, 3, 1, 5], "texture": "#barrel_side", "cullface": "south"},
				"up": {"uv": [0, 3, 16, 4], "texture": "#barrel_side", "cullface": "south"},
				"down": {"uv": [0, 4, 16, 5], "texture": "#barrel_side", "cullface": "south"}
			}
		},
		{
			"name": "E",
			"from": [16, 11, 0],
			"to": [16.5, 13, 16],
			"rotation": {"angle": 0, "axis": "y", "origin": [8, 8, 8]},
			"faces": {
				"north": {"uv": [15, 3, 16, 5], "texture": "#barrel_side", "cullface": "east"},
				"east": {"uv": [0, 3, 16, 5], "texture": "#barrel_side", "cullface": "east"},
				"south": {"uv": [0, 3, 1, 5], "texture": "#barrel_side", "cullface": "east"},
				"west": {"uv": [0, 0, 0, 0], "texture": "#barrel_side"},
				"up": {"uv": [0, 3, 16, 4], "rotation": 270, "texture": "#barrel_side", "cullface": "east"},
				"down": {"uv": [0, 4, 16, 5], "rotation": 90, "texture": "#barrel_side", "cullface": "east"}
			}
		},
		{
			"name": "N",
			"from": [0, 3, -0.5],
			"to": [16, 5, 0],
			"rotation": {"angle": 0, "axis": "y", "origin": [8, 8, 8]},
			"faces": {
				"north": {"uv": [0, 11, 16, 13], "texture": "#barrel_side", "cullface": "north"},
				"east": {"uv": [0, 11, 1, 13], "texture": "#barrel_side", "cullface": "north"},
				"south": {"uv": [0, 0, 0, 0], "texture": "#barrel_side"},
				"west": {"uv": [15, 11, 16, 13], "texture": "#barrel_side", "cullface": "north"},
				"up": {"uv": [0, 11, 16, 12], "rotation": 180, "texture": "#barrel_side", "cullface": "north"},
				"down": {"uv": [0, 12, 16, 13], "rotation": 180, "texture": "#barrel_side", "cullface": "north"}
			}
		},
		{
			"name": "W",
			"from": [-0.5, 3, 0],
			"to": [0, 5, 16],
			"rotation": {"angle": 0, "axis": "y", "origin": [8, 8, 8]},
			"faces": {
				"north": {"uv": [0, 11, 1, 13], "texture": "#barrel_side", "cullface": "west"},
				"east": {"uv": [0, 0, 0, 0], "texture": "#barrel_side"},
				"south": {"uv": [15, 11, 16, 13], "texture": "#barrel_side", "cullface": "west"},
				"west": {"uv": [0, 11, 16, 13], "texture": "#barrel_side", "cullface": "west"},
				"up": {"uv": [0, 11, 16, 12], "rotation": 90, "texture": "#barrel_side", "cullface": "west"},
				"down": {"uv": [0, 12, 16, 13], "rotation": 270, "texture": "#barrel_side", "cullface": "west"}
			}
		},
		{
			"name": "S",
			"from": [0, 3, 16],
			"to": [16, 5, 16.5],
			"rotation": {"angle": 0, "axis": "y", "origin": [8, 8, 8]},
			"faces": {
				"north": {"uv": [0, 0, 0, 0], "texture": "#barrel_side"},
				"east": {"uv": [15, 11, 16, 13], "texture": "#barrel_side", "cullface": "south"},
				"south": {"uv": [0, 11, 16, 13], "texture": "#barrel_side", "cullface": "south"},
				"west": {"uv": [0, 11, 1, 13], "texture": "#barrel_side", "cullface": "south"},
				"up": {"uv": [0, 11, 16, 12], "texture": "#barrel_side", "cullface": "south"},
				"down": {"uv": [0, 12, 16, 13], "texture": "#barrel_side", "cullface": "south"}
			}
		},
		{
			"name": "E",
			"from": [16, 3, 0],
			"to": [16.5, 5, 16],
			"rotation": {"angle": 0, "axis": "y", "origin": [8, 8, 8]},
			"faces": {
				"north": {"uv": [15, 11, 16, 13], "texture": "#barrel_side", "cullface": "east"},
				"east": {"uv": [0, 11, 16, 13], "texture": "#barrel_side", "cullface": "east"},
				"south": {"uv": [0, 11, 1, 13], "texture": "#barrel_side", "cullface": "east"},
				"west": {"uv": [0, 0, 0, 0], "texture": "#barrel_side"},
				"up": {"uv": [0, 11, 16, 12], "rotation": 270, "texture": "#barrel_side", "cullface": "east"},
				"down": {"uv": [0, 12, 16, 13], "rotation": 90, "texture": "#barrel_side", "cullface": "east"}
			}
		}
	],
	"groups": [
		{
			"name": "Body",
			"origin": [0, 0, 0],
			"color": 0,
			"children": [0, 1, 2, 3, 4, 5, 6, 7, 8, 9, 10, 11, 12, 13, 14, 15, 16, 17, 18, 19, 20]
		},
		{
			"name": "Lid",
			"origin": [8, 8, 8],
			"color": 0,
			"children": [21, 22, 23, 24, 25, 26, 27, 28]
		},
		{
			"name": "Rring1",
			"origin": [8, 8, 8],
			"color": 0,
			"children": [29, 30, 31, 32]
		},
		{
			"name": "Rring1",
			"origin": [8, 8, 8],
			"color": 0,
			"children": [33, 34, 35, 36]
		}
	]
}