{
	"credit": "Made by TheWaschtlPlays using Blockbench",
	"parent": "block/block",
	"textures": {
		"particle": "block/barrel_side",
		"barrel_side": "block/barrel_side",
		"barrel_bottom": "block/barrel_bottom",
		"dark_oak_planks": "block/dark_oak_planks",
		"barrel_top": "block/barrel_top"
	},
	"elements": [
		{
			"name": "Handle",
			"from": [6, 15, 3],
			"to": [8, 16, 5],
			"faces": {
				"north": {"uv": [3, 9, 5, 10], "texture": "#barrel_top", "cullface": "up"},
				"east": {"uv": [3, 8, 5, 9], "rotation": 180, "texture": "#barrel_top", "cullface": "up"},
				"south": {"uv": [3, 8, 5, 9], "texture": "#barrel_top", "cullface": "up"},
				"west": {"uv": [3, 9, 5, 10], "texture": "#barrel_top", "cullface": "up"},
				"up": {"uv": [3, 8, 5, 10], "rotation": 90, "texture": "#barrel_top", "cullface": "up"}
			}
		},
		{
			"name": "Side",
			"from": [15, 0, 0],
			"to": [16, 16, 16],
			"faces": {
				"north": {"uv": [15, 0, 16, 16], "texture": "#barrel_side", "cullface": "north"},
				"east": {"uv": [0, 0, 16, 16], "texture": "#barrel_side", "cullface": "east"},
				"south": {"uv": [0, 0, 1, 16], "texture": "#barrel_side", "cullface": "south"},
				"west": {"uv": [0, 0, 16, 16], "texture": "#dark_oak_planks"},
				"up": {"uv": [0, 0, 16, 1], "rotation": 90, "texture": "#barrel_top", "cullface": "up"},
				"down": {"uv": [0, 0, 16, 1], "rotation": 90, "texture": "#barrel_top", "cullface": "down"}
			}
		},
		{
			"name": "Side",
			"from": [0, 0, 0],
			"to": [1, 16, 16],
			"faces": {
				"north": {"uv": [15, 0, 16, 16], "texture": "#barrel_side", "cullface": "north"},
				"east": {"uv": [0, 0, 16, 16], "texture": "#dark_oak_planks"},
				"south": {"uv": [0, 0, 1, 16], "texture": "#barrel_side", "cullface": "south"},
				"west": {"uv": [0, 0, 16, 16], "texture": "#barrel_side", "cullface": "west"},
				"up": {"uv": [0, 0, 16, 1], "rotation": 90, "texture": "#barrel_top", "cullface": "up"},
				"down": {"uv": [0, 0, 16, 1], "rotation": 90, "texture": "#barrel_top", "cullface": "down"}
			}
		},
		{
			"name": "Side",
			"from": [1, 0, 0],
			"to": [15, 16, 1],
			"faces": {
				"north": {"uv": [1, 0, 15, 16], "texture": "#barrel_side", "cullface": "north"},
				"south": {"uv": [1, 0, 15, 16], "texture": "#dark_oak_planks"},
				"up": {"uv": [0, 1, 1, 15], "rotation": 90, "texture": "#barrel_top", "cullface": "up"},
				"down": {"uv": [0, 1, 1, 15], "rotation": 90, "texture": "#barrel_top", "cullface": "down"}
			}
		},
		{
			"name": "Side",
			"from": [1, 0, 15],
			"to": [15, 16, 16],
			"faces": {
				"north": {"uv": [1, 0, 15, 16], "texture": "#dark_oak_planks"},
				"south": {"uv": [1, 0, 15, 16], "texture": "#barrel_side", "cullface": "south"},
				"up": {"uv": [0, 1, 1, 15], "rotation": 90, "texture": "#barrel_top", "cullface": "up"},
				"down": {"uv": [0, 1, 1, 15], "rotation": 90, "texture": "#barrel_top", "cullface": "down"}
			}
		},
		{
			"name": "Center",
			"from": [1, 1, 1],
			"to": [15, 15, 15],
			"faces": {
				"up": {"uv": [1, 1, 15, 15], "rotation": 90, "texture": "#barrel_top", "cullface": "up"},
				"down": {"uv": [1, 1, 15, 15], "rotation": 90, "texture": "#barrel_bottom", "cullface": "down"}
			}
		},
		{
			"name": "N",
			"from": [0, 11, -0.5],
			"to": [16, 13, 0],
			"rotation": {"angle": 0, "axis": "y", "origin": [8, 8, 8]},
			"faces": {
				"north": {"uv": [0, 3, 16, 5], "texture": "#barrel_side", "cullface": "north"},
				"east": {"uv": [0, 3, 1, 5], "texture": "#barrel_side", "cullface": "north"},
				"west": {"uv": [15, 3, 16, 5], "texture": "#barrel_side", "cullface": "north"},
				"up": {"uv": [0, 3, 16, 4], "rotation": 180, "texture": "#barrel_side", "cullface": "north"},
				"down": {"uv": [0, 4, 16, 5], "rotation": 180, "texture": "#barrel_side", "cullface": "north"}
			}
		},
		{
			"name": "W",
			"from": [-0.5, 11, 0],
			"to": [0, 13, 16],
			"rotation": {"angle": 0, "axis": "y", "origin": [8, 8, 8]},
			"faces": {
				"north": {"uv": [0, 3, 1, 5], "texture": "#barrel_side", "cullface": "west"},
				"south": {"uv": [15, 3, 16, 5], "texture": "#barrel_side", "cullface": "west"},
				"west": {"uv": [0, 3, 16, 5], "texture": "#barrel_side", "cullface": "west"},
				"up": {"uv": [0, 3, 16, 4], "rotation": 90, "texture": "#barrel_side", "cullface": "west"},
				"down": {"uv": [0, 4, 16, 5], "rotation": 270, "texture": "#barrel_side", "cullface": "west"}
			}
		},
		{
			"name": "S",
			"from": [0, 11, 16],
			"to": [16, 13, 16.5],
			"rotation": {"angle": 0, "axis": "y", "origin": [8, 8, 8]},
			"faces": {
				"east": {"uv": [15, 3, 16, 5], "texture": "#barrel_side", "cullface": "south"},
				"south": {"uv": [0, 3, 16, 5], "texture": "#barrel_side", "cullface": "south"},
				"west": {"uv": [0, 3, 1, 5], "texture": "#barrel_side", "cullface": "south"},
				"up": {"uv": [0, 3, 16, 4], "texture": "#barrel_side", "cullface": "south"},
				"down": {"uv": [0, 4, 16, 5], "texture": "#barrel_side", "cullface": "south"}
			}
		},
		{
			"name": "E",
			"from": [16, 11, 0],
			"to": [16.5, 13, 16],
			"rotation": {"angle": 0, "axis": "y", "origin": [8, 8, 8]},
			"faces": {
				"north": {"uv": [15, 3, 16, 5], "texture": "#barrel_side", "cullface": "east"},
				"east": {"uv": [0, 3, 16, 5], "texture": "#barrel_side", "cullface": "east"},
				"south": {"uv": [0, 3, 1, 5], "texture": "#barrel_side", "cullface": "east"},
				"up": {"uv": [0, 3, 16, 4], "rotation": 270, "texture": "#barrel_side", "cullface": "east"},
				"down": {"uv": [0, 4, 16, 5], "rotation": 90, "texture": "#barrel_side", "cullface": "east"}
			}
		},
		{
			"name": "N",
			"from": [0, 3, -0.5],
			"to": [16, 5, 0],
			"rotation": {"angle": 0, "axis": "y", "origin": [8, 8, 8]},
			"faces": {
				"north": {"uv": [0, 11, 16, 13], "texture": "#barrel_side", "cullface": "north"},
				"east": {"uv": [0, 11, 1, 13], "texture": "#barrel_side", "cullface": "north"},
				"west": {"uv": [15, 11, 16, 13], "texture": "#barrel_side", "cullface": "north"},
				"up": {"uv": [0, 11, 16, 12], "rotation": 180, "texture": "#barrel_side", "cullface": "north"},
				"down": {"uv": [0, 12, 16, 13], "rotation": 180, "texture": "#barrel_side", "cullface": "north"}
			}
		},
		{
			"name": "W",
			"from": [-0.5, 3, 0],
			"to": [0, 5, 16],
			"rotation": {"angle": 0, "axis": "y", "origin": [8, 8, 8]},
			"faces": {
				"north": {"uv": [0, 11, 1, 13], "texture": "#barrel_side", "cullface": "west"},
				"south": {"uv": [15, 11, 16, 13], "texture": "#barrel_side", "cullface": "west"},
				"west": {"uv": [0, 11, 16, 13], "texture": "#barrel_side", "cullface": "west"},
				"up": {"uv": [0, 11, 16, 12], "rotation": 90, "texture": "#barrel_side", "cullface": "west"},
				"down": {"uv": [0, 12, 16, 13], "rotation": 270, "texture": "#barrel_side", "cullface": "west"}
			}
		},
		{
			"name": "S",
			"from": [0, 3, 16],
			"to": [16, 5, 16.5],
			"rotation": {"angle": 0, "axis": "y", "origin": [8, 8, 8]},
			"faces": {
				"east": {"uv": [15, 11, 16, 13], "texture": "#barrel_side", "cullface": "south"},
				"south": {"uv": [0, 11, 16, 13], "texture": "#barrel_side", "cullface": "south"},
				"west": {"uv": [0, 11, 1, 13], "texture": "#barrel_side", "cullface": "south"},
				"up": {"uv": [0, 11, 16, 12], "texture": "#barrel_side", "cullface": "south"},
				"down": {"uv": [0, 12, 16, 13], "texture": "#barrel_side", "cullface": "south"}
			}
		},
		{
			"name": "E",
			"from": [16, 3, 0],
			"to": [16.5, 5, 16],
			"rotation": {"angle": 0, "axis": "y", "origin": [8, 8, 8]},
			"faces": {
				"north": {"uv": [15, 11, 16, 13], "texture": "#barrel_side", "cullface": "east"},
				"east": {"uv": [0, 11, 16, 13], "texture": "#barrel_side", "cullface": "east"},
				"south": {"uv": [0, 11, 1, 13], "texture": "#barrel_side", "cullface": "east"},
				"up": {"uv": [0, 11, 16, 12], "rotation": 270, "texture": "#barrel_side", "cullface": "east"},
				"down": {"uv": [0, 12, 16, 13], "rotation": 90, "texture": "#barrel_side", "cullface": "east"}
			}
		}
	],
	"groups": [
		{
			"name": "Body",
			"origin": [0, 0, 0],
			"color": 0,
			"children": [0, 1, 2, 3, 4, 5]
		},
		{
			"name": "Rring1",
			"origin": [8, 8, 8],
			"color": 0,
			"children": [6, 7, 8, 9]
		},
		{
			"name": "Rring1",
			"origin": [8, 8, 8],
			"color": 0,
			"children": [10, 11, 12, 13]
		}
	]
}