{
	"credit": "Made by TheWaschtlPlays using Blockbench",
	"textures": {
		"2": "entity/bell/bell_body",
		"particle": "entity/bell/bell_body",
		"bar": "block/dark_oak_planks"
	},
	"elements": [
		{
			"from": [7, 13, 7],
			"to": [9, 16, 9],
			"faces": {
				"north": {"uv": [7, 2, 9, 5], "texture": "#bar"},
				"east": {"uv": [1, 2, 3, 5], "texture": "#bar"},
				"south": {"uv": [6, 2, 8, 5], "texture": "#bar"},
				"west": {"uv": [4, 2, 6, 5], "texture": "#bar"},
				"up": {"uv": [1, 3, 3, 5], "texture": "#bar", "cullface": "up"}
			}
		},
		{
			"from": [7, 3.25, 7],
			"to": [9, 5.25, 9],
			"faces": {
				"north": {"uv": [6.5, 10.5, 7.5, 11.5], "texture": "#2"},
				"east": {"uv": [4, 10.5, 5, 11.5], "texture": "#2"},
				"south": {"uv": [1, 10.5, 2, 11.5], "texture": "#2"},
				"west": {"uv": [2.5, 10.5, 3.5, 11.5], "texture": "#2"},
				"up": {"uv": [8, 10.5, 9, 11.5], "texture": "#2"},
				"down": {"uv": [5, 10.5, 6, 11.5], "texture": "#2"}
			}
		},
		{
			"from": [7.5, 5.25, 7.5],
			"to": [8.5, 13.25, 8.5],
			"faces": {
				"north": {"uv": [4, 0, 12, 1], "rotation": 90, "texture": "#bar"},
				"east": {"uv": [4, 4, 12, 5], "rotation": 90, "texture": "#bar"},
				"south": {"uv": [4, 2, 12, 3], "rotation": 90, "texture": "#bar"},
				"west": {"uv": [4, 1, 12, 2], "rotation": 90, "texture": "#bar"}
			}
		}
	]
}