{
	"credit": "Made by TheWaschtlPlays using Blockbench",
	"parent": "block/block",
	"textures": {
		"bottom": "block/crafter_bottom",
		"top": "block/crafter_top",
		"particle": "block/crafter_north",
		"north": "block/crafter_north",
		"south": "block/crafter_south",
		"west": "block/crafter_west",
		"east": "block/crafter_east"
	},
	"elements": [
		{
			"name": "top",
			"from": [0, 13, 0],
			"to": [16, 16, 16],
			"rotation": {"angle": 0, "axis": "y", "origin": [8, 8, 8]},
			"faces": {
				"north": {"uv": [0, 0, 16, 3], "texture": "#north", "cullface": "north"},
				"east": {"uv": [0, 0, 16, 3], "texture": "#east", "cullface": "east"},
				"south": {"uv": [0, 0, 16, 3], "texture": "#south", "cullface": "south"},
				"west": {"uv": [0, 0, 16, 3], "texture": "#west", "cullface": "west"},
				"up": {"uv": [0, 0, 16, 16], "rotation": 180, "texture": "#top", "cullface": "up"},
				"down": {"uv": [0, 0, 16, 16], "rotation": 180, "texture": "#top"}
			}
		},
		{
			"name": "bottom",
			"from": [0, 0, 0],
			"to": [16, 3, 16],
			"rotation": {"angle": 0, "axis": "y", "origin": [8, 8, 8]},
			"faces": {
				"north": {"uv": [0, 13, 16, 16], "texture": "#north", "cullface": "north"},
				"east": {"uv": [0, 13, 16, 16], "texture": "#east", "cullface": "east"},
				"south": {"uv": [0, 13, 16, 16], "texture": "#south", "cullface": "south"},
				"west": {"uv": [0, 13, 16, 16], "texture": "#west", "cullface": "west"},
				"up": {"uv": [0, 0, 16, 16], "rotation": 180, "texture": "#top"},
				"down": {"uv": [0, 0, 16, 16], "texture": "#bottom", "cullface": "down"}
			}
		},
		{
			"name": "frame",
			"from": [0, 3, 0],
			"to": [2, 13, 2],
			"rotation": {"angle": 0, "axis": "y", "origin": [8, 8, 8]},
			"faces": {
				"north": {"uv": [14, 3, 16, 13], "texture": "#north", "cullface": "north"},
				"east": {"uv": [14, 3, 15, 13], "texture": "#north", "cullface": "north"},
				"south": {"uv": [1, 3, 2, 13], "texture": "#west", "cullface": "west"},
				"west": {"uv": [0, 3, 2, 13], "texture": "#west", "cullface": "west"}
			}
		},
		{
			"name": "frame",
			"from": [0, 3, 14],
			"to": [2, 13, 16],
			"rotation": {"angle": 0, "axis": "y", "origin": [8, 8, 8]},
			"faces": {
				"north": {"uv": [14, 3, 15, 13], "texture": "#west", "cullface": "west"},
				"east": {"uv": [1, 3, 2, 13], "texture": "#south", "cullface": "south"},
				"south": {"uv": [0, 3, 2, 13], "texture": "#south", "cullface": "south"},
				"west": {"uv": [14, 3, 16, 13], "texture": "#west", "cullface": "west"}
			}
		},
		{
			"name": "frame",
			"from": [14, 3, 14],
			"to": [16, 13, 16],
			"rotation": {"angle": 0, "axis": "y", "origin": [8, 8, 8]},
			"faces": {
				"north": {"uv": [1, 3, 2, 13], "texture": "#east", "cullface": "east"},
				"east": {"uv": [0, 3, 2, 13], "texture": "#east", "cullface": "east"},
				"south": {"uv": [14, 3, 16, 13], "texture": "#south", "cullface": "south"},
				"west": {"uv": [14, 3, 15, 13], "texture": "#south", "cullface": "south"}
			}
		},
		{
			"name": "frame",
			"from": [14, 3, 0],
			"to": [16, 13, 2],
			"rotation": {"angle": 0, "axis": "y", "origin": [8, 8, 8]},
			"faces": {
				"north": {"uv": [0, 3, 2, 13], "texture": "#north", "cullface": "north"},
				"east": {"uv": [14, 3, 16, 13], "texture": "#east", "cullface": "east"},
				"south": {"uv": [14, 3, 15, 13], "texture": "#west", "cullface": "east"},
				"west": {"uv": [1, 3, 2, 13], "texture": "#north", "cullface": "north"}
			}
		},
		{
			"name": "frame",
			"from": [6, 3, 15],
			"to": [10, 13, 16],
			"rotation": {"angle": 0, "axis": "y", "origin": [8, 8, 8]},
			"faces": {
				"east": {"uv": [9, 3, 10, 13], "texture": "#south", "cullface": "south"},
				"south": {"uv": [6, 3, 10, 13], "texture": "#south", "cullface": "south"},
				"west": {"uv": [6, 3, 7, 13], "texture": "#south", "cullface": "south"}
			}
		},
		{
			"name": "frame",
			"from": [6, 11, 0],
			"to": [10, 13, 1],
			"rotation": {"angle": 0, "axis": "y", "origin": [8, 8, 8]},
			"faces": {
				"north": {"uv": [6, 3, 10, 5], "texture": "#north", "cullface": "north"},
				"east": {"uv": [6, 3, 7, 5], "texture": "#north", "cullface": "north"},
				"west": {"uv": [9, 3, 10, 5], "texture": "#north", "cullface": "north"},
				"down": {"uv": [10, 4, 6, 5], "texture": "#north", "cullface": "north"}
			}
		},
		{
			"name": "ns",
			"from": [1, 3, 0.75],
			"to": [15, 13, 15.25],
			"rotation": {"angle": 0, "axis": "y", "origin": [8, 8, 8]},
			"faces": {
				"north": {"uv": [1, 3, 15, 13], "texture": "#north", "cullface": "north"},
				"south": {"uv": [1, 3, 15, 13], "texture": "#south", "cullface": "south"}
			}
		},
		{
			"name": "we",
			"from": [0.75, 3, 1],
			"to": [15.25, 13, 15],
			"rotation": {"angle": 0, "axis": "y", "origin": [8, 8, 8]},
			"faces": {
				"east": {"uv": [1, 3, 15, 13], "texture": "#east", "cullface": "east"},
				"west": {"uv": [1, 3, 15, 13], "texture": "#west", "cullface": "west"}
			}
		}
	]
}